CustomerID,total_spending,total_transactions,total_quantity,avg_product_price,tenure_months,recency_days,coupon_usage_rate,tech_buyer_flag,avg_basket_size,high_spender,potential_watch_buyer,prediction,prediction_probability
15311,75930.11,586,4205.0,50.56742320819112,40,12,0.3225255972696246,1,7.175767918088737,1,1,1,1.0
17850,34550.16,296,1132.0,69.19844594594595,12,339,0.30405405405405406,1,3.824324324324324,1,1,1,1.0
14646,21193.18,290,781.0,53.72337931034483,45,90,0.3448275862068966,1,2.693103448275862,1,1,1,1.0
15039,26659.9,312,1657.0,42.71817307692307,19,26,0.3269230769230769,1,5.310897435897436,1,1,1,1.0
17841,46198.27,571,2621.0,48.36201401050788,21,17,0.36427320490367776,1,4.590192644483363,1,1,1,1.0
12748,74600.16,694,4868.0,45.07842939481268,28,107,0.3631123919308357,1,7.014409221902017,1,1,1,1.0
18118,18951.9,249,1228.0,45.947550200803214,24,106,0.3092369477911647,1,4.931726907630522,1,1,1,1.0
13089,27196.61,364,925.0,52.394560439560436,25,20,0.37362637362637363,1,2.541208791208791,1,1,1,1.0
13081,19575.2,260,1136.0,41.072961538461534,5,122,0.3269230769230769,1,4.369230769230769,1,1,1,1.0
14911,48957.88,520,2217.0,57.14813461538461,34,10,0.3403846153846154,1,4.263461538461539,1,1,1,1.0
14606,57127.89,571,3119.0,51.96443082311733,33,0,0.38178633975481613,1,5.462346760070052,1,1,1,1.0
17337,35574.46,260,1448.0,72.85269230769231,44,16,0.31153846153846154,1,5.569230769230769,1,1,1,1.0
13174,21689.27,242,794.0,55.48586776859504,25,48,0.33884297520661155,1,3.28099173553719,1,1,1,0.9999999999999991
14298,13546.33,240,781.0,32.026583333333335,41,32,0.32916666666666666,1,3.254166666666667,1,1,1,0.9999999999999951
17511,17777.3,213,847.0,54.207276995305165,25,21,0.36619718309859156,1,3.976525821596244,1,1,1,0.9999999999999376
15808,20039.91,209,888.0,58.07478468899521,6,1,0.27751196172248804,1,4.248803827751196,1,1,1,0.9999999999999156
12681,15419.82,223,504.0,42.263766816143495,27,28,0.28699551569506726,1,2.2600896860986546,1,1,1,0.9999999999997333
14527,15491.65,197,931.0,42.21111675126904,43,32,0.3553299492385787,1,4.725888324873097,1,1,1,0.9999999999991389
15601,16461.63,157,1653.0,56.21993630573249,46,47,0.37579617834394907,1,10.528662420382165,1,1,1,0.99999999999829
14667,26495.03,167,1569.0,41.06317365269461,30,110,0.3473053892215569,1,9.395209580838323,1,1,1,0.9999999999981146
17611,16893.51,192,456.0,63.26203125,26,83,0.4010416666666667,1,2.375,1,1,1,0.9999999999868594
12539,19024.0,187,486.0,73.55994652406417,13,53,0.2887700534759358,1,2.5989304812834226,1,1,1,0.9999999999858251
15719,15960.02,175,796.0,57.18057142857143,16,13,0.37714285714285717,1,4.548571428571429,1,1,1,0.9999999999669988
12433,13829.98,147,1494.0,41.01510204081633,32,265,0.3197278911564626,1,10.16326530612245,1,1,1,0.9999999999209066
15061,15145.130000000001,168,778.0,52.50815476190477,7,65,0.31547619047619047,1,4.630952380952381,1,1,1,0.9999999998282039
14505,10634.02,182,510.0,37.45043956043956,8,149,0.3791208791208791,1,2.802197802197802,1,1,1,0.9999999997160631
18041,14193.67,163,716.0,58.39092024539877,30,18,0.3312883435582822,1,4.392638036809816,1,1,1,0.9999999996821074
14085,11871.23,171,691.0,38.99643274853801,5,13,0.3742690058479532,1,4.04093567251462,1,1,1,0.9999999995608415
15194,23547.7,112,1972.0,47.381875,33,29,0.3125,1,17.607142857142858,1,1,1,0.999999999455792
15464,12850.57,156,829.0,43.643269230769235,40,159,0.3076923076923077,1,5.314102564102564,1,1,1,0.9999999988419557
17341,10771.37,160,763.0,33.4414375,13,272,0.375,1,4.76875,1,1,1,0.9999999976848328
15498,11339.369999999999,162,507.0,50.77413580246913,14,78,0.41358024691358025,1,3.1296296296296298,1,1,1,0.9999999972665836
12501,10021.23,160,606.0,38.095687500000004,8,41,0.275,1,3.7875,1,1,1,0.9999999951933096
13488,11318.88,149,719.0,48.826711409395976,22,11,0.33557046979865773,1,4.825503355704698,1,1,1,0.9999999942987341
15005,10749.9,146,812.0,42.92205479452055,30,18,0.3698630136986301,1,5.561643835616438,1,1,1,0.9999999932624406
15570,17823.21,143,815.0,47.207062937062936,34,121,0.3076923076923077,1,5.699300699300699,1,1,1,0.999999991682263
16782,9923.52,119,1376.0,45.68521008403361,45,55,0.31932773109243695,1,11.563025210084033,1,1,1,0.9999999907738905
14796,14228.85,142,643.0,66.41661971830986,3,80,0.3028169014084507,1,4.528169014084507,1,1,1,0.9999999887031116
15574,9984.91,159,491.0,37.81698113207547,5,198,0.3584905660377358,1,3.088050314465409,1,1,1,0.9999999870865752
13093,11879.72,143,612.0,52.90027972027972,35,19,0.3706293706293706,1,4.27972027972028,1,1,1,0.999999979419834
12567,12235.27,146,519.0,55.014178082191776,23,10,0.3356164383561644,1,3.5547945205479454,1,1,1,0.9999999770568554
16923,14536.81,125,1052.0,50.82232,23,39,0.328,1,8.416,1,1,1,0.9999999743064125
18116,10616.44,155,374.0,41.82812903225806,38,168,0.3548387096774194,1,2.412903225806452,1,1,1,0.9999999691990945
16725,11185.9,133,851.0,41.35398496240602,48,5,0.3308270676691729,1,6.398496240601504,1,1,1,0.9999999602235963
13113,20537.739999999998,62,2494.0,48.63532258064516,44,7,0.25806451612903225,1,40.225806451612904,1,1,1,0.9999999560799221
14800,10639.37,146,404.0,48.41554794520548,21,145,0.4041095890410959,1,2.767123287671233,1,1,1,0.9999999220502557
13148,17809.85,130,186.0,101.50876923076923,16,36,0.3384615384615385,1,1.4307692307692308,1,1,1,0.9999998566549452
14733,10642.44,134,617.0,45.283731343283584,30,58,0.3358208955223881,1,4.604477611940299,1,1,1,0.9999998541924354
16033,7502.42,141,493.0,36.439503546099296,48,108,0.3475177304964539,1,3.49645390070922,1,1,1,0.999999833212777
16222,11171.94,136,335.0,63.24955882352941,45,66,0.34558823529411764,1,2.463235294117647,1,1,1,0.9999998099577118
14180,20984.649999999998,88,1669.0,47.248636363636365,11,15,0.36363636363636365,1,18.96590909090909,1,1,1,0.9999997814901367
17340,9917.45,137,502.0,38.99211678832117,36,173,0.3722627737226277,1,3.664233576642336,1,1,1,0.9999997170061506
15867,11924.49,138,307.0,57.15927536231884,11,58,0.34782608695652173,1,2.2246376811594204,1,1,1,0.9999996757278401
15880,12702.21,106,1060.0,55.4927358490566,33,311,0.330188679245283,1,10.0,1,1,1,0.9999996202406766
17920,11344.22,105,939.0,69.51552380952381,18,40,0.3619047619047619,1,8.942857142857143,1,1,1,0.9999995919464928
15379,10063.38,134,460.0,45.805373134328356,10,94,0.31343283582089554,1,3.4328358208955225,1,1,1,0.9999995211114387
15044,8555.31,130,586.0,37.79276923076923,31,137,0.3076923076923077,1,4.507692307692308,1,1,1,0.9999994358325591
12472,11417.33,126,508.0,57.48277777777778,2,62,0.4126984126984127,1,4.031746031746032,1,1,1,0.9999993982345996
13069,8509.75,138,266.0,46.64297101449275,38,3,0.3115942028985507,1,1.9275362318840579,1,1,1,0.9999993377994068
17811,13236.99,121,428.0,70.84446280991736,35,20,0.2975206611570248,1,3.5371900826446283,1,1,1,0.9999992495559927
16931,10893.07,129,388.0,49.146821705426355,37,85,0.3643410852713178,1,3.007751937984496,1,1,1,0.9999989210870598
12471,13907.84,128,279.0,64.093359375,11,15,0.3125,1,2.1796875,1,1,1,0.9999987730509196
15356,9328.55,115,701.0,49.13478260869565,32,221,0.3391304347826087,1,6.095652173913043,1,1,1,0.9999985894742126
12682,12186.51,127,230.0,65.76992125984252,33,20,0.2755905511811024,1,1.811023622047244,1,1,1,0.9999984893356658
17757,7777.24,123,538.0,40.61951219512195,45,47,0.3089430894308943,1,4.373983739837398,1,1,1,0.9999983022901892
16110,12657.84,115,252.0,89.45026086956523,29,22,0.3565217391304348,1,2.1913043478260867,1,1,1,0.9999980532208835
15351,20858.43,53,2160.0,49.80283018867925,29,320,0.2641509433962264,1,40.75471698113208,1,1,1,0.9999980296649784
16161,11501.39,124,341.0,59.63637096774193,10,21,0.3467741935483871,1,2.75,1,1,1,0.999997952044185
17975,12532.34,89,1397.0,37.01359550561798,6,19,0.3595505617977528,1,15.696629213483146,1,1,1,0.9999977458824141
13798,9735.58,123,348.0,52.02040650406504,37,81,0.2845528455284553,1,2.8292682926829267,1,1,1,0.9999968760628376
15358,10528.4,122,283.0,57.98327868852459,35,28,0.3442622950819672,1,2.319672131147541,1,1,1,0.9999962547293025
17602,11731.93,103,409.0,91.03009708737865,40,97,0.2621359223300971,1,3.970873786407767,1,1,1,0.999995893902639
17799,9188.15,119,458.0,48.342773109243694,14,78,0.3025210084033613,1,3.8487394957983194,1,1,1,0.9999956518756842
17284,6161.88,131,322.0,28.033511450381678,38,148,0.33587786259541985,1,2.4580152671755724,1,1,1,0.9999951874071845
12451,9722.05,101,799.0,49.42851485148515,49,103,0.33663366336633666,1,7.910891089108911,1,1,1,0.9999943721561221
14541,12658.8,74,1068.0,91.40702702702703,24,47,0.2702702702702703,1,14.432432432432432,1,1,1,0.9999940639741739
14587,9882.16,117,431.0,48.57188034188034,30,24,0.29914529914529914,1,3.6837606837606836,1,1,1,0.9999939455275462
17338,6577.44,122,422.0,35.10065573770492,40,129,0.2786885245901639,1,3.459016393442623,1,1,1,0.9999933810203963
15640,9540.94,111,683.0,35.81783783783784,30,136,0.3333333333333333,1,6.153153153153153,1,1,1,0.9999930302682652
14049,11126.72,114,269.0,68.14412280701755,45,63,0.32456140350877194,1,2.3596491228070176,1,1,1,0.9999928050508504
12841,11711.93,110,376.0,68.51563636363636,19,34,0.33636363636363636,1,3.418181818181818,1,1,1,0.9999919805088064
14415,10032.72,117,384.0,42.364615384615384,47,104,0.37606837606837606,1,3.282051282051282,1,1,1,0.9999893087600257
17406,6636.1,116,573.0,29.223275862068967,3,125,0.46551724137931033,1,4.939655172413793,1,1,1,0.9999882406412831
17968,7527.650000000001,85,1202.0,39.536235294117645,33,359,0.38823529411764707,1,14.141176470588235,1,1,1,0.9999882355792781
15998,8311.8,117,515.0,31.370256410256406,16,236,0.26495726495726496,1,4.401709401709402,1,1,1,0.9999871218715005
12731,12269.800000000001,62,1121.0,99.14548387096775,28,34,0.25806451612903225,1,18.080645161290324,1,1,1,0.9999832471510182
17894,10151.41,115,284.0,50.11834782608695,37,31,0.28695652173913044,1,2.4695652173913043,1,1,1,0.9999811061198564
16771,10926.69,105,377.0,64.28857142857143,39,18,0.3333333333333333,1,3.5904761904761906,1,1,1,0.9999804548441327
15514,6465.1900000000005,113,526.0,32.284601769911504,22,220,0.3274336283185841,1,4.654867256637168,1,1,1,0.9999802374127658
13468,8915.0,79,1153.0,49.77253164556962,33,19,0.3037974683544304,1,14.594936708860759,1,1,1,0.9999800099947154
15727,6835.5,99,750.0,37.82585858585859,40,128,0.2828282828282828,1,7.575757575757576,1,1,1,0.9999750561390038
17218,7237.5,119,231.0,41.277058823529416,31,142,0.36134453781512604,1,1.9411764705882353,1,1,1,0.9999733910151316
17827,7230.68,112,403.0,41.15919642857143,32,249,0.2857142857142857,1,3.5982142857142856,1,1,1,0.9999721113815558
16713,7977.66,106,566.0,37.48754716981132,5,177,0.33962264150943394,1,5.339622641509434,1,1,1,0.9999625550211543
17059,8664.0,117,153.0,49.94931623931624,24,316,0.3333333333333333,1,1.3076923076923077,1,1,1,0.9999599469651673
13408,7423.24,78,1040.0,52.608717948717945,30,32,0.34615384615384615,1,13.333333333333334,1,1,1,0.9999582439758858
13050,10409.81,103,298.0,67.40592233009708,10,4,0.32038834951456313,1,2.8932038834951457,1,1,1,0.9999529014713351
17198,9041.380000000001,77,966.0,63.89415584415585,18,258,0.2857142857142857,1,12.545454545454545,1,1,1,0.9999525605327139
16327,9196.49,101,195.0,68.67633663366337,44,44,0.33663366336633666,1,1.9306930693069306,1,1,1,0.999910363948176
17463,10314.9,94,186.0,88.56861702127661,27,35,0.3191489361702128,1,1.9787234042553192,1,1,1,0.9999063907536881
14083,6739.39,95,664.0,35.55936842105263,41,174,0.28421052631578947,1,6.989473684210527,1,1,1,0.9999030064385773
14088,9298.72,93,358.0,69.93064516129033,39,89,0.3333333333333333,1,3.849462365591398,1,1,1,0.9998927886077843
13742,8239.94,94,498.0,55.18053191489362,6,81,0.32978723404255317,1,5.297872340425532,1,1,1,0.9998772906230181
15023,6549.16,104,337.0,41.512884615384614,40,104,0.38461538461538464,1,3.2403846153846154,1,1,1,0.9998709007166212
16714,10834.28,93,233.0,79.37698924731183,38,60,0.3763440860215054,1,2.5053763440860215,1,1,1,0.9998689870513072
15708,8272.31,96,551.0,35.7959375,49,36,0.3645833333333333,1,5.739583333333333,1,1,1,0.999851718694134
15547,7672.31,90,357.0,70.21366666666667,40,42,0.4222222222222222,1,3.966666666666667,1,1,1,0.9998386173727001
13869,12112.3,71,729.0,80.3469014084507,6,34,0.3380281690140845,1,10.267605633802816,1,1,1,0.9997952800113611
17449,6762.36,73,886.0,56.42150684931507,24,209,0.3150684931506849,1,12.136986301369863,1,1,1,0.9997728883798748
18283,6362.77,102,155.0,55.470588235294116,36,82,0.37254901960784315,1,1.5196078431372548,1,1,1,0.9997519067663906
14669,5825.9,110,146.0,35.29845454545455,39,134,0.32727272727272727,1,1.3272727272727274,1,1,1,0.9997290004923369
18055,8623.28,96,242.0,62.118854166666665,18,26,0.34375,1,2.5208333333333335,1,1,1,0.9997270975874517
14680,7088.59,89,577.0,41.82943820224719,37,70,0.4044943820224719,1,6.48314606741573,1,1,1,0.9997145126879842
17609,6573.85,100,442.0,28.7469,21,115,0.46,1,4.42,1,1,1,0.9996832103182821
12370,6878.31,88,589.0,45.01375,21,189,0.2159090909090909,1,6.693181818181818,1,1,1,0.9996779959810621
13230,9617.4,81,361.0,81.6032098765432,30,11,0.3333333333333333,1,4.45679012345679,1,1,1,0.999647436824068
12484,5335.14,98,434.0,27.440510204081633,44,149,0.3877551020408163,1,4.428571428571429,1,1,1,0.9995710055910247
15235,6403.84,88,557.0,41.221363636363634,23,12,0.23863636363636365,1,6.329545454545454,1,1,1,0.9995364692619942
17884,8848.42,93,241.0,58.930322580645154,37,26,0.3118279569892473,1,2.5913978494623655,1,1,1,0.9995302577068099
17890,7277.87,91,423.0,45.91010989010989,27,90,0.38461538461538464,1,4.648351648351649,1,1,1,0.999514125453014
13319,6227.05,98,277.0,43.714183673469385,27,167,0.336734693877551,1,2.826530612244898,1,1,1,0.9994978240610136
12683,9876.199999999999,77,744.0,47.90402597402598,15,92,0.3246753246753247,1,9.662337662337663,1,1,1,0.9994571983724778
17315,7908.99,85,358.0,66.6064705882353,10,5,0.3764705882352941,1,4.211764705882353,1,1,1,0.9994237883695217
16919,6842.06,65,969.0,54.080615384615385,10,214,0.35384615384615387,1,14.907692307692308,1,1,1,0.999392587584894
17372,8320.27,95,259.0,52.00957894736842,4,58,0.30526315789473685,1,2.7263157894736842,1,1,1,0.9993699888968011
13694,5462.3,102,150.0,40.081078431372546,44,11,0.24509803921568626,1,1.4705882352941178,1,1,1,0.9993436188420846
17365,4207.37,79,770.0,37.679493670886075,11,135,0.3670886075949367,1,9.746835443037975,1,1,1,0.9993379473484783
17238,9242.55,86,280.0,69.7496511627907,20,88,0.26744186046511625,1,3.255813953488372,1,1,1,0.9993371928172767
13715,6898.99,98,268.0,39.582857142857144,23,152,0.40816326530612246,1,2.7346938775510203,1,1,1,0.9993043853923022
12577,5932.2,67,976.0,44.87134328358209,10,202,0.31343283582089554,1,14.567164179104477,1,1,1,0.9992316586030103
16814,7502.61,92,318.0,46.58010869565217,22,15,0.2608695652173913,1,3.4565217391304346,1,1,1,0.999159492711361
14702,7716.88,90,307.0,46.611111111111114,50,45,0.4111111111111111,1,3.411111111111111,1,1,1,0.9990579992889503
15555,5653.17,96,240.0,40.01958333333334,34,230,0.40625,1,2.5,1,1,1,0.9989485620884887
14307,7622.34,79,394.0,65.9473417721519,28,99,0.4050632911392405,1,4.987341772151899,1,1,1,0.9989116001306172
17085,5169.92,86,552.0,33.276162790697676,19,178,0.29069767441860467,1,6.4186046511627906,1,1,1,0.9988185813480244
13102,8497.24,93,169.0,54.304838709677426,10,7,0.34408602150537637,1,1.8172043010752688,1,1,1,0.9987541218974267
17591,5722.11,98,132.0,43.754285714285714,25,58,0.35714285714285715,1,1.346938775510204,1,1,1,0.9987375058474808
17231,6446.55,85,461.0,44.98188235294118,5,96,0.3176470588235294,1,5.423529411764706,1,1,1,0.9987140125818211
12377,9950.31,77,421.0,65.72220779220778,27,40,0.2727272727272727,1,5.467532467532467,1,1,1,0.9986843453817684
18125,10860.11,83,165.0,79.28072289156627,3,48,0.3493975903614458,1,1.9879518072289157,1,1,1,0.9986371642373656
13680,5987.91,90,298.0,44.184444444444445,34,151,0.4,1,3.311111111111111,1,1,1,0.9986089577294018
15426,6202.37,87,440.0,39.233218390804595,17,291,0.4482758620689655,1,5.057471264367816,1,1,1,0.9985604495370219
15889,9348.3,66,583.0,77.0089393939394,21,306,0.3181818181818182,1,8.833333333333334,1,1,1,0.9985545240926987
13168,4892.71,76,753.0,31.163552631578945,24,66,0.3684210526315789,1,9.907894736842104,1,1,1,0.9984134978226759
17019,7769.96,90,170.0,53.77655555555556,25,126,0.3,1,1.8888888888888888,1,1,1,0.9980656750136311
14573,6717.89,76,625.0,40.46368421052632,40,334,0.34210526315789475,1,8.223684210526315,1,1,1,0.9980195250229847
16686,7985.74,87,123.0,64.91126436781609,31,180,0.28735632183908044,1,1.4137931034482758,1,1,1,0.9979694408784386
14156,8394.93,86,112.0,69.32662790697674,5,13,0.3488372093023256,1,1.302325581395349,1,1,1,0.9977989861044945
14723,6643.03,90,297.0,40.91266666666667,4,191,0.36666666666666664,1,3.3,1,1,1,0.9977279410993634
17690,6768.68,76,564.0,46.08723684210526,6,111,0.42105263157894735,1,7.421052631578948,1,1,1,0.9975510095396605
17796,9722.67,78,108.0,87.93782051282051,5,38,0.358974358974359,1,1.3846153846153846,1,1,1,0.9975350599598856
14146,10268.67,70,579.0,56.58114285714286,29,45,0.2857142857142857,1,8.271428571428572,1,1,1,0.9975027915863031
14472,5638.43,70,835.0,33.92014285714286,10,145,0.15714285714285714,1,11.928571428571429,1,1,1,0.9974852257628414
17965,4679.24,92,224.0,40.43521739130435,7,42,0.30434782608695654,1,2.4347826086956523,1,1,1,0.9973974588531801
15983,5839.57,81,447.0,41.583333333333336,25,219,0.2962962962962963,1,5.518518518518518,1,1,1,0.9970411754694791
14713,7306.93,80,219.0,63.660000000000004,42,92,0.3875,1,2.7375,1,1,1,0.9969628268564761
14729,8067.44,71,352.0,71.44887323943662,43,357,0.38028169014084506,1,4.957746478873239,1,1,1,0.9964715382843827
13267,16574.14,46,1141.0,50.48021739130435,46,130,0.32608695652173914,1,24.804347826086957,1,1,1,0.9962730371025514
16456,8437.39,62,264.0,98.77064516129032,47,3,0.3870967741935484,1,4.258064516129032,1,1,1,0.9961112633486666
17017,6860.5,75,253.0,66.7788,40,213,0.37333333333333335,1,3.3733333333333335,1,1,1,0.9952969126486845
13280,8257.6,78,220.0,60.66871794871795,43,46,0.2948717948717949,1,2.8205128205128207,1,1,1,0.9949410457087126
17619,5797.21,77,285.0,57.04090909090909,30,30,0.4675324675324675,1,3.7012987012987013,1,1,1,0.9949250572361266
16891,7011.16,69,372.0,72.51811594202898,12,332,0.36231884057971014,1,5.391304347826087,1,1,1,0.9948860957256145
15034,5753.96,82,314.0,45.34634146341463,2,159,0.3780487804878049,1,3.8292682926829267,1,1,1,0.9945421153621483
17220,7493.31,69,190.0,87.6636231884058,19,33,0.3333333333333333,1,2.753623188405797,1,1,1,0.994513330887289
15159,7841.41,80,113.0,67.07887500000001,29,43,0.2875,1,1.4125,1,1,1,0.9944514684858704
13564,6967.63,82,205.0,53.49146341463415,26,173,0.3048780487804878,1,2.5,1,1,1,0.9943831838998656
14040,7589.99,67,333.0,77.85686567164178,10,39,0.40298507462686567,1,4.970149253731344,1,1,1,0.9941915206438487
15529,8176.2,75,329.0,57.217866666666666,16,95,0.38666666666666666,1,4.386666666666667,1,1,1,0.9938906401916427
17223,7563.25,49,905.0,63.324285714285715,10,17,0.24489795918367346,1,18.46938775510204,1,1,1,0.9936546389450422
16779,5490.54,75,456.0,44.434000000000005,11,21,0.26666666666666666,1,6.08,1,1,1,0.9936395379725181
15862,8196.41,64,332.0,83.5590625,24,362,0.34375,1,5.1875,1,1,1,0.9933041387655346
12668,6682.5199999999995,74,214.0,67.06743243243243,32,31,0.2972972972972973,1,2.891891891891892,1,1,1,0.9928248838440771
16016,6401.0,70,482.0,51.67785714285714,19,269,0.35714285714285715,1,6.885714285714286,1,1,1,0.9925919904967148
17259,5208.55,87,152.0,45.66183908045977,8,295,0.21839080459770116,1,1.7471264367816093,1,1,1,0.9925859966891508
16770,8597.52,67,127.0,93.07582089552238,26,37,0.3582089552238806,1,1.8955223880597014,1,1,1,0.9924507237216778
17954,6661.22,84,175.0,45.95297619047619,22,119,0.38095238095238093,1,2.0833333333333335,1,1,1,0.9920627483595404
14701,7793.33,57,277.0,99.54578947368421,43,52,0.2631578947368421,1,4.859649122807017,1,1,1,0.9917397560406921
14130,10611.41,67,180.0,83.31597014925373,50,75,0.3283582089552239,1,2.6865671641791047,1,1,1,0.9916421409684671
15549,9138.48,62,260.0,92.55129032258066,5,39,0.41935483870967744,1,4.193548387096774,1,1,1,0.9916017756901164
12626,5100.25,67,582.0,44.043880597014926,30,27,0.29850746268656714,1,8.686567164179104,1,1,1,0.9913972704438809
17722,5675.5599999999995,80,146.0,56.388125,12,58,0.425,1,1.825,1,1,1,0.9902826044643747
17673,7793.31,44,71.0,152.78363636363636,12,81,0.38636363636363635,1,1.6136363636363635,1,1,1,0.9895485158376944
16274,6182.0,67,469.0,51.65656716417911,43,352,0.44776119402985076,1,7.0,1,1,1,0.9893706688429933
16904,6240.42,76,234.0,55.88026315789473,17,101,0.27631578947368424,1,3.0789473684210527,1,1,1,0.989076008729774
17961,9796.22,81,398.0,26.186296296296298,10,18,0.38271604938271603,1,4.91358024691358,1,1,1,0.988910233487103
12766,4114.4,88,158.0,31.536590909090908,22,142,0.3409090909090909,1,1.7954545454545454,1,1,1,0.9879493244259019
16065,7328.62,74,110.0,68.18216216216216,41,260,0.3108108108108108,1,1.4864864864864864,1,1,1,0.9867684376069364
13004,5588.5,72,234.0,58.909166666666664,37,51,0.3611111111111111,1,3.25,1,1,1,0.9863060509145689
15525,7840.24,57,417.0,78.03526315789475,48,356,0.2631578947368421,1,7.315789473684211,1,1,1,0.9860814182400065
17191,7132.1,71,396.0,48.5243661971831,13,290,0.28169014084507044,1,5.577464788732394,1,1,1,0.9852833012445955
13198,5469.49,77,132.0,54.00857142857143,50,68,0.38961038961038963,1,1.7142857142857142,1,1,1,0.9852186320374668
17787,7008.13,77,111.0,61.76753246753247,8,95,0.23376623376623376,1,1.4415584415584415,1,1,1,0.9843962603922933
18077,5189.4800000000005,62,531.0,50.299032258064514,34,73,0.46774193548387094,1,8.564516129032258,1,1,1,0.9835685032682329
13458,3433.53,87,198.0,23.06712643678161,33,104,0.367816091954023,1,2.2758620689655173,0,0,1,0.9834153120402569
17062,5638.45,71,266.0,53.91971830985915,44,39,0.352112676056338,1,3.7464788732394365,1,1,1,0.9831705426663837
12720,6810.07,65,225.0,74.86046153846155,20,34,0.4,1,3.4615384615384617,1,1,1,0.9820847395504444
14462,8165.929999999999,59,83.0,98.53203389830509,42,6,0.3389830508474576,1,1.4067796610169492,1,1,1,0.9781360616987395
16710,4220.83,75,330.0,35.193733333333334,30,214,0.4266666666666667,1,4.4,1,1,1,0.9775389123520586
12744,9351.55,55,356.0,83.33054545454546,16,68,0.3090909090909091,1,6.472727272727273,1,1,1,0.9767178537184764
16395,6562.08,60,215.0,84.47233333333334,18,96,0.35,1,3.5833333333333335,1,1,1,0.9758732974498251
15503,3683.4700000000003,70,397.0,38.22671428571429,45,242,0.2714285714285714,1,5.671428571428572,0,0,1,0.9751523213432572
17897,5442.5,73,208.0,53.285479452054794,19,280,0.3287671232876712,1,2.8493150684931505,1,1,1,0.9749121520730357
13777,6817.96,67,80.0,81.63089552238807,7,18,0.26865671641791045,1,1.1940298507462686,1,1,1,0.9747341095008366
17634,3746.6,73,459.0,25.036301369863015,32,156,0.2602739726027397,1,6.287671232876712,0,0,1,0.9741874090135703
17211,4559.27,75,385.0,27.673333333333332,29,172,0.3333333333333333,1,5.133333333333334,1,1,1,0.9740896745522992
18069,5012.15,76,210.0,43.408815789473685,10,116,0.42105263157894735,1,2.763157894736842,1,1,1,0.9717206849803088
14099,6343.43,59,383.0,64.88525423728814,32,118,0.3728813559322034,1,6.491525423728813,1,1,1,0.9708844157816702
17858,4540.94,35,893.0,69.818,34,82,0.37142857142857144,1,25.514285714285716,1,1,1,0.9667636466383958
16241,5859.08,69,322.0,44.55768115942029,34,165,0.2463768115942029,1,4.666666666666667,1,1,1,0.9661152831697731
16889,4358.68,48,979.0,28.146874999999998,23,151,0.3333333333333333,1,20.395833333333332,1,1,1,0.9614238576085776
14978,4383.61,74,119.0,49.55108108108108,36,61,0.28378378378378377,1,1.6081081081081081,1,1,1,0.9607734942819665
13767,5142.18,73,206.0,43.17328767123288,29,137,0.4794520547945205,1,2.8219178082191783,1,1,1,0.9603842395978208
12347,13834.900000000001,60,342.0,62.436,20,59,0.3333333333333333,1,5.7,1,1,1,0.9588070763619763
12921,5963.99,59,394.0,55.833728813559325,49,164,0.3559322033898305,1,6.677966101694915,1,1,1,0.9575842609519302
13815,8189.92,53,85.0,104.21169811320755,33,70,0.3018867924528302,1,1.6037735849056605,1,1,1,0.9573240816288161
15415,7344.68,48,61.0,119.32666666666667,27,36,0.3541666666666667,1,1.2708333333333333,1,1,1,0.9571568494233011
13137,7423.92,48,78.0,115.74541666666666,37,9,0.3125,1,1.625,1,1,1,0.9554813368465217
12826,7699.88,49,313.0,90.05653061224491,33,53,0.2857142857142857,1,6.387755102040816,1,1,1,0.9554508751815524
17068,6320.86,69,104.0,61.81028985507246,31,32,0.30434782608695654,1,1.5072463768115942,1,1,1,0.9554403490731919
12578,5677.5,76,116.0,45.52828947368421,8,56,0.39473684210526316,1,1.5263157894736843,1,1,1,0.954757308510258
14044,7393.91,55,72.0,95.74963636363636,49,14,0.2,1,1.309090909090909,1,1,1,0.9487018043343284
14688,7380.1900000000005,58,124.0,82.54758620689655,46,32,0.3103448275862069,1,2.1379310344827585,1,1,1,0.9478378999662376
17392,7374.16,62,98.0,78.36483870967741,6,3,0.3548387096774194,1,1.5806451612903225,1,1,1,0.9423170325481576
14329,4145.51,75,157.0,37.2776,22,120,0.25333333333333335,1,2.0933333333333333,1,1,1,0.9353951740209164
12637,4378.81,75,125.0,38.24386666666667,13,56,0.3466666666666667,1,1.6666666666666667,1,1,1,0.9245894617616134
17097,5761.46,63,158.0,62.32222222222222,33,99,0.3333333333333333,1,2.507936507936508,1,1,1,0.9241439298472401
16795,4581.3,65,274.0,47.14630769230769,20,257,0.4461538461538462,1,4.2153846153846155,1,1,1,0.9230794501109821
12383,4954.12,69,185.0,44.61724637681159,32,99,0.30434782608695654,1,2.681159420289855,1,1,1,0.9227522063565557
12585,3809.52,74,212.0,32.89256756756757,4,160,0.3108108108108108,1,2.864864864864865,0,0,1,0.9206733617405013
17735,6762.68,57,163.0,73.82,49,62,0.2982456140350877,1,2.8596491228070176,1,1,1,0.9203494073448053
14081,5404.32,69,262.0,34.78260869565217,49,304,0.34782608695652173,1,3.7971014492753623,1,1,1,0.9197113289089311
12838,4323.49,59,483.0,39.61508474576271,31,360,0.3389830508474576,1,8.186440677966102,1,1,1,0.919531057404613
17581,5075.13,64,104.0,64.62734375,25,122,0.390625,1,1.625,1,1,1,0.9166461518226167
18043,4792.0,64,280.0,48.20578125,18,275,0.390625,1,4.375,1,1,1,0.9160414145204981
14135,5033.0199999999995,70,199.0,40.111,21,113,0.38571428571428573,1,2.842857142857143,1,1,1,0.9149935060548727
17126,6308.68,63,328.0,43.70746031746032,32,240,0.30158730158730157,1,5.2063492063492065,1,1,1,0.9132986068412429
16520,7195.6,60,184.0,64.72516666666667,37,259,0.4,1,3.066666666666667,1,1,1,0.9125906074794012
17230,6145.36,60,101.0,71.7335,29,19,0.5,1,1.6833333333333333,1,1,1,0.9093994780871096
17450,2537.56,74,267.0,22.076756756756758,17,136,0.47297297297297297,1,3.608108108108108,0,0,1,0.9085023855215714
14549,6711.04,56,445.0,47.188750000000006,22,23,0.3392857142857143,1,7.946428571428571,1,1,1,0.9039397590017899
12625,5886.88,58,186.0,67.67844827586207,26,15,0.39655172413793105,1,3.206896551724138,1,1,1,0.9025925504118939
17675,5087.36,61,267.0,52.97262295081967,17,27,0.4098360655737705,1,4.377049180327869,1,1,1,0.9021127590470027
17243,5805.63,64,107.0,63.761875,9,87,0.328125,1,1.671875,1,1,1,0.9019974617459638
12481,10068.55,46,757.0,37.288695652173914,49,151,0.2826086956521739,1,16.456521739130434,1,1,1,0.9019551427716999
16409,5066.26,48,118.0,96.73708333333333,45,58,0.3333333333333333,1,2.4583333333333335,1,1,1,0.8972102687712764
17976,5099.72,65,165.0,55.55876923076924,12,341,0.3230769230769231,1,2.5384615384615383,1,1,1,0.8970645768646858
16422,4306.18,53,483.0,47.47056603773585,35,24,0.24528301886792453,1,9.11320754716981,1,1,1,0.8913498487504766
15687,5393.02,45,430.0,74.53777777777778,20,24,0.26666666666666666,1,9.555555555555555,1,1,1,0.8906948177783444
18245,7692.95,55,86.0,86.90109090909091,5,33,0.2727272727272727,1,1.5636363636363637,1,1,1,0.8906258871160814
16719,5588.96,60,236.0,54.4455,40,163,0.4,1,3.933333333333333,1,1,1,0.8898279281243777
12872,3794.47,66,290.0,35.85075757575758,20,115,0.4090909090909091,1,4.393939393939394,0,0,1,0.8873739496700523
13983,10308.199999999999,50,561.0,45.912200000000006,30,109,0.36,1,11.22,1,1,1,0.8816222715635765
14449,6049.35,50,406.0,61.369800000000005,39,340,0.42,1,8.12,1,1,1,0.8798345479852622
14657,5420.82,62,251.0,50.777419354838706,2,109,0.43548387096774194,1,4.048387096774194,1,1,1,0.8796657157985123
12764,5447.88,45,217.0,93.79866666666666,25,55,0.3333333333333333,1,4.822222222222222,1,1,1,0.87935665287172
12540,4120.18,64,310.0,36.42703125,25,21,0.28125,1,4.84375,1,1,1,0.874752149136237
14572,5319.2,58,109.0,69.90724137931035,43,96,0.29310344827586204,1,1.8793103448275863,1,1,1,0.8739351645781982
13155,5651.38,62,163.0,58.39096774193549,8,114,0.2903225806451613,1,2.629032258064516,1,1,1,0.8691464731968388
17530,5275.09,63,241.0,45.70317460317461,28,253,0.2857142857142857,1,3.8253968253968256,1,1,1,0.8660037888181953
18109,3366.29,72,114.0,37.947361111111114,9,105,0.2916666666666667,1,1.5833333333333333,0,0,1,0.8659842425315012
15460,6221.18,58,274.0,57.0298275862069,4,173,0.3448275862068966,1,4.724137931034483,1,1,1,0.8657818764015773
16684,5613.14,57,134.0,67.48561403508772,43,14,0.3508771929824561,1,2.3508771929824563,1,1,1,0.8625958662077153
17596,4398.73,60,338.0,41.25533333333333,38,298,0.36666666666666664,1,5.633333333333334,1,1,1,0.8625703757656067
16244,5300.43,63,90.0,59.50412698412699,36,345,0.3968253968253968,1,1.4285714285714286,1,1,1,0.8616802737139988
15296,6875.67,61,211.0,48.64885245901639,40,112,0.3770491803278688,1,3.459016393442623,1,1,1,0.8484617007912292
17507,5717.79,45,57.0,105.19955555555555,25,11,0.35555555555555557,1,1.2666666666666666,1,1,1,0.8441471379997709
14544,4472.32,57,510.0,32.213508771929824,6,230,0.40350877192982454,1,8.947368421052632,1,1,1,0.8434257079938874
17908,5277.77,57,191.0,64.99140350877194,15,361,0.2807017543859649,1,3.3508771929824563,1,1,1,0.8413017886145828
14769,5174.86,59,80.0,67.55525423728814,26,102,0.423728813559322,1,1.3559322033898304,1,1,1,0.8399779347180917
13842,6915.38,55,562.0,30.360545454545452,5,12,0.36363636363636365,1,10.218181818181819,1,1,1,0.8382640454319991
15898,4591.7699999999995,64,73.0,57.04328125,27,284,0.296875,1,1.140625,1,1,1,0.8362619900501018
17431,6629.53,43,164.0,100.92000000000002,7,36,0.32558139534883723,1,3.813953488372093,1,1,1,0.8362502737544748
15919,4197.7,49,401.0,61.15102040816327,24,300,0.2857142857142857,1,8.183673469387756,1,1,1,0.8356608686276491
16873,2919.35,70,200.0,30.617857142857144,6,175,0.2714285714285714,1,2.857142857142857,0,0,1,0.8300462167913852
15058,5965.93,61,96.0,61.95459016393443,8,28,0.3114754098360656,1,1.5737704918032787,1,1,1,0.8264306137253464
16745,5324.03,58,90.0,66.43293103448275,29,1,0.29310344827586204,1,1.5517241379310345,1,1,1,0.818651575557488
13659,4186.96,62,113.0,57.483225806451614,8,85,0.24193548387096775,1,1.8225806451612903,1,1,1,0.8174533361826629
16477,4577.4,59,129.0,57.10254237288136,50,81,0.3389830508474576,1,2.1864406779661016,1,1,1,0.8155331971969353
13013,4566.13,66,157.0,43.13590909090909,13,331,0.25757575757575757,1,2.378787878787879,1,1,1,0.8120815128397194
15910,5875.31,42,302.0,85.70023809523809,8,53,0.38095238095238093,1,7.190476190476191,1,1,1,0.806035445481778
13764,3984.48,69,98.0,39.05173913043478,14,154,0.2318840579710145,1,1.4202898550724639,1,1,1,0.7949660802695749
15021,3540.88,57,538.0,20.975614035087716,35,276,0.3333333333333333,1,9.43859649122807,0,0,1,0.7934404262509889
13838,6430.07,52,185.0,72.80076923076923,5,323,0.34615384615384615,1,3.5576923076923075,1,1,1,0.7835931692687734
15339,5241.87,41,70.0,103.48926829268294,47,69,0.5853658536585366,1,1.7073170731707317,1,1,1,0.7810286665876408
17180,5982.82,55,202.0,57.952000000000005,35,45,0.32727272727272727,1,3.672727272727273,1,1,1,0.7804686248739406
15661,1372.0,5,8.0,203.0,24,60,0.4,1,1.6,0,0,1,0.7776106027525976
12474,6791.9400000000005,36,225.0,104.33722222222222,17,60,0.4166666666666667,1,6.25,1,1,1,0.7756971083949643
16705,3082.83,60,313.0,35.49083333333333,18,23,0.35,1,5.216666666666667,0,0,1,0.7741153764528554
17576,6054.25,44,312.0,75.28159090909091,23,103,0.2727272727272727,1,7.090909090909091,1,1,1,0.7699890385833511
15518,3901.9500000000003,66,147.0,39.15984848484849,7,69,0.2878787878787879,1,2.227272727272727,0,0,1,0.7685293830588638
17967,4619.96,48,328.0,66.47791666666667,6,333,0.375,1,6.833333333333333,1,1,1,0.7683757455470752
14501,935.0,4,5.0,204.0,20,80,0.5,1,1.25,0,0,1,0.7563787846084887
17105,5001.66,38,64.0,111.82973684210526,38,1,0.2894736842105263,1,1.6842105263157894,1,1,1,0.7562609950084973
18239,5893.31,52,140.0,71.59211538461538,20,34,0.28846153846153844,1,2.6923076923076925,1,1,1,0.754436845507581
15012,5217.74,54,184.0,60.916666666666664,42,356,0.25925925925925924,1,3.4074074074074074,1,1,1,0.7502819190845499
14506,6168.09,49,133.0,77.80816326530612,34,307,0.5102040816326531,1,2.7142857142857144,1,1,1,0.748891933999689
16270,4202.3,54,303.0,47.20333333333333,37,172,0.3333333333333333,1,5.611111111111111,1,1,1,0.7420671115969247
16558,3506.83,63,101.0,45.23603174603174,35,80,0.3333333333333333,1,1.6031746031746033,0,0,1,0.7413224667437813
18223,4402.1,59,148.0,48.46762711864407,44,87,0.4067796610169492,1,2.5084745762711864,1,1,1,0.7370027463073691
12867,3433.81,58,307.0,37.31896551724138,32,212,0.27586206896551724,1,5.293103448275862,0,0,1,0.733109309117286
13668,4401.14,61,113.0,50.358688524590164,15,12,0.29508196721311475,1,1.8524590163934427,1,1,1,0.7284883530148689
14810,4559.73,55,279.0,46.785090909090904,21,3,0.4,1,5.072727272727272,1,1,1,0.7280797954456417
16029,5099.61,52,142.0,66.24480769230769,40,5,0.28846153846153844,1,2.730769230769231,1,1,1,0.7249277358382608
14659,5706.57,50,116.0,73.5408,42,42,0.28,1,2.32,1,1,1,0.720489665543727
14395,3516.59,63,116.0,44.79380952380953,4,142,0.36507936507936506,1,1.8412698412698412,0,0,1,0.7016688179139812
14092,2756.5,61,194.0,36.35245901639344,41,88,0.3442622950819672,1,3.180327868852459,0,0,1,0.6958426034336388
15024,4556.17,48,656.0,25.627708333333334,9,279,0.375,1,13.666666666666666,1,1,1,0.686138731512421
16333,605.49,2,6.0,202.845,41,15,0.0,1,3.0,0,0,1,0.6816637738958731
16767,6433.58,50,100.0,73.2738,29,51,0.34,1,2.0,1,1,1,0.6759488953967764
15033,3080.57,64,193.0,31.365,10,121,0.265625,1,3.015625,0,0,1,0.6642305558183942
16496,5839.56,41,74.0,99.73560975609756,16,56,0.21951219512195122,1,1.8048780487804879,1,1,1,0.662217642465382
15448,5141.87,28,54.0,130.95642857142857,24,34,0.5357142857142857,1,1.9285714285714286,1,1,1,0.659180972915097
13124,4320.82,61,76.0,51.31065573770491,4,204,0.29508196721311475,1,1.2459016393442623,1,1,1,0.6554272215336205
18202,4726.2,23,457.0,103.38,18,23,0.391304347826087,1,19.869565217391305,1,1,1,0.6533108732575318
15532,5998.46,50,92.0,73.0708,23,193,0.34,1,1.84,1,1,1,0.6382732479056679
14062,5324.78,44,232.0,72.98522727272727,18,94,0.45454545454545453,1,5.2727272727272725,1,1,1,0.6370617026810196
15797,199.0,1,1.0,199.0,27,75,1.0,1,1.0,0,0,1,0.63383267640175
12782,4043.71,55,171.0,52.13545454545454,19,64,0.2909090909090909,1,3.109090909090909,1,1,1,0.6315515101965021
12502,5118.8099999999995,31,117.0,115.21354838709676,23,15,0.45161290322580644,1,3.774193548387097,1,1,1,0.6248583441155015
12431,5600.17,44,57.0,90.89318181818182,14,40,0.3181818181818182,1,1.2954545454545454,1,1,1,0.6219036058826962
14849,4849.31,52,219.0,50.62980769230769,45,58,0.28846153846153844,1,4.211538461538462,1,1,1,0.6216545384754016
16503,4309.42,53,322.0,39.40905660377358,29,125,0.32075471698113206,1,6.0754716981132075,1,1,1,0.6151444572022188
13725,4732.92,41,50.0,94.46439024390244,48,8,0.24390243902439024,1,1.2195121951219512,1,1,1,0.6151403434805993
17404,4399.71,48,101.0,76.42999999999999,11,44,0.2916666666666667,1,2.1041666666666665,1,1,1,0.6133403276267361
16255,4295.25,60,104.0,47.538333333333334,7,167,0.2833333333333333,1,1.7333333333333334,1,1,1,0.6130766986938493
13078,4062.7999999999997,53,368.0,34.311509433962264,28,51,0.3018867924528302,1,6.943396226415095,1,1,1,0.6122699263785345
14189,4695.25,47,357.0,52.5404255319149,7,66,0.3829787234042553,1,7.595744680851064,1,1,1,0.6096264150091975
12647,3881.73,52,215.0,52.56961538461538,28,188,0.3076923076923077,1,4.134615384615385,0,0,1,0.6018426312276589
15281,3531.2400000000002,55,248.0,39.56909090909091,36,87,0.38181818181818183,1,4.509090909090909,0,0,1,0.5999346902396094
13551,1041.19,4,5.0,190.5475,46,76,0.25,1,1.25,0,0,1,0.5979746166702107
12842,2785.79,14,18.0,164.32785714285714,27,8,0.5714285714285714,1,1.2857142857142858,0,0,1,0.5935895257364043
15938,1342.0,5,8.0,189.0,34,96,0.2,1,1.6,0,0,1,0.5870254373060813
16670,3475.8,52,277.0,42.424807692307695,48,108,0.25,1,5.326923076923077,0,0,1,0.5853576449839646
17672,4878.26,41,55.0,92.28073170731707,39,13,0.34146341463414637,1,1.3414634146341464,1,1,1,0.5794920851180279
13982,4164.11,52,180.0,55.83115384615384,13,111,0.3269230769230769,1,3.4615384615384617,1,1,1,0.5751434662369571
14779,8521.199999999999,35,643.0,50.05942857142857,17,89,0.3142857142857143,1,18.37142857142857,1,1,1,0.5740052537889793
14534,4912.87,29,85.0,122.9844827586207,14,69,0.20689655172413793,1,2.9310344827586206,1,1,1,0.5736767960051873
16402,5175.15,57,163.0,43.80736842105263,31,310,0.2807017543859649,1,2.8596491228070176,1,1,1,0.568749434154671
15078,4424.63,56,165.0,47.39732142857143,6,76,0.375,1,2.9464285714285716,1,1,1,0.5679110976211883
17860,3217.7599999999998,58,109.0,42.59379310344828,49,297,0.41379310344827586,1,1.8793103448275863,0,0,1,0.5510262450389561
15157,2870.33,56,124.0,46.378750000000004,43,186,0.23214285714285715,1,2.2142857142857144,0,0,1,0.5381241800718028
17863,3988.27,48,53.0,69.39208333333333,50,20,0.3333333333333333,1,1.1041666666666667,1,1,1,0.510335341971257
16985,3897.39,33,543.0,61.3890909090909,5,19,0.42424242424242425,1,16.454545454545453,0,0,1,0.5034750767320677
13030,2046.06,60,226.0,23.882,39,291,0.38333333333333336,1,3.7666666666666666,0,0,1,0.5006386127224013
